{
    "modelo_id": "contexto5_batch32",
    "contexto": 5,
    "batch_size": 32,
    "resultados": {
        "tecla_1": {
            "acuracia_padrao": 0.7142857142857143,
            "acuracia_ajustada": 0.7142857142857143,
            "media_opcoes_disponiveis": 3.7142856121063232,
            "baseline_aleatorio": 0.2738095223903656,
            "melhoria_sobre_aleatorio": 2.6086957454681396
        },
        "tecla_2": {
            "acuracia_padrao": 0.5142857142857142,
            "acuracia_ajustada": 0.5142857142857142,
            "media_opcoes_disponiveis": 3.7142856121063232,
            "baseline_aleatorio": 0.2738095223903656,
            "melhoria_sobre_aleatorio": 1.8782609701156616
        },
        "tecla_3": {
            "acuracia_padrao": 0.6,
            "acuracia_ajustada": 0.6,
            "media_opcoes_disponiveis": 3.7142856121063232,
            "baseline_aleatorio": 0.2738095223903656,
            "melhoria_sobre_aleatorio": 2.1913044452667236
        },
        "tecla_4": {
            "acuracia_padrao": 0.8,
            "acuracia_ajustada": 0.8,
            "media_opcoes_disponiveis": 3.7142856121063232,
            "baseline_aleatorio": 0.2738095223903656,
            "melhoria_sobre_aleatorio": 2.921739101409912
        },
        "media": {
            "acuracia_padrao": 0.6571428571428573,
            "acuracia_ajustada": 0.6571428571428573,
            "melhoria_sobre_aleatorio": 2.4000000953674316
        }
    }
}