{
    "modelo_id": "contexto4_batch8",
    "contexto": 4,
    "batch_size": 8,
    "resultados": {
        "tecla_1": {
            "acuracia_padrao": 0.7435897435897436,
            "acuracia_ajustada": 0.7435897435897436,
            "media_opcoes_disponiveis": 3.6410255432128906,
            "baseline_aleatorio": 0.279914528131485,
            "melhoria_sobre_aleatorio": 2.6564886569976807
        },
        "tecla_2": {
            "acuracia_padrao": 0.48717948717948717,
            "acuracia_ajustada": 0.48717948717948717,
            "media_opcoes_disponiveis": 3.6410255432128906,
            "baseline_aleatorio": 0.279914528131485,
            "melhoria_sobre_aleatorio": 1.7404580116271973
        },
        "tecla_3": {
            "acuracia_padrao": 0.6410256410256411,
            "acuracia_ajustada": 0.6410256410256411,
            "media_opcoes_disponiveis": 3.6410255432128906,
            "baseline_aleatorio": 0.279914528131485,
            "melhoria_sobre_aleatorio": 2.290076494216919
        },
        "tecla_4": {
            "acuracia_padrao": 0.8461538461538461,
            "acuracia_ajustada": 0.8461538461538461,
            "media_opcoes_disponiveis": 3.6410255432128906,
            "baseline_aleatorio": 0.279914528131485,
            "melhoria_sobre_aleatorio": 3.0229008197784424
        },
        "media": {
            "acuracia_padrao": 0.6794871794871795,
            "acuracia_ajustada": 0.6794871794871795,
            "melhoria_sobre_aleatorio": 2.427480936050415
        }
    }
}