{
    "modelo_id": "contexto1_batch32",
    "contexto": 1,
    "batch_size": 32,
    "resultados": {
        "tecla_1": {
            "acuracia_padrao": 0.6981132075471698,
            "acuracia_ajustada": 0.6981132075471698,
            "media_opcoes_disponiveis": 3.8867924213409424,
            "baseline_aleatorio": 0.2675202190876007,
            "melhoria_sobre_aleatorio": 2.609571695327759
        },
        "tecla_2": {
            "acuracia_padrao": 0.4716981132075472,
            "acuracia_ajustada": 0.4716981132075472,
            "media_opcoes_disponiveis": 3.8867924213409424,
            "baseline_aleatorio": 0.2675202190876007,
            "melhoria_sobre_aleatorio": 1.7632241249084473
        },
        "tecla_3": {
            "acuracia_padrao": 0.6981132075471698,
            "acuracia_ajustada": 0.6981132075471698,
            "media_opcoes_disponiveis": 3.8867924213409424,
            "baseline_aleatorio": 0.2675202190876007,
            "melhoria_sobre_aleatorio": 2.609571695327759
        },
        "tecla_4": {
            "acuracia_padrao": 0.8301886792452831,
            "acuracia_ajustada": 0.8301886792452831,
            "media_opcoes_disponiveis": 3.8867924213409424,
            "baseline_aleatorio": 0.2675202190876007,
            "melhoria_sobre_aleatorio": 3.1032745838165283
        },
        "media": {
            "acuracia_padrao": 0.6745283018867925,
            "acuracia_ajustada": 0.6745283018867925,
            "melhoria_sobre_aleatorio": 2.5214104652404785
        }
    }
}