{
    "modelo_id": "contexto5_batch16",
    "contexto": 5,
    "batch_size": 16,
    "resultados": {
        "tecla_1": {
            "acuracia_padrao": 0.7714285714285715,
            "acuracia_ajustada": 0.7714285714285715,
            "media_opcoes_disponiveis": 3.7142856121063232,
            "baseline_aleatorio": 0.2738095223903656,
            "melhoria_sobre_aleatorio": 2.8173913955688477
        },
        "tecla_2": {
            "acuracia_padrao": 0.5428571428571428,
            "acuracia_ajustada": 0.5428571428571428,
            "media_opcoes_disponiveis": 3.7142856121063232,
            "baseline_aleatorio": 0.2738095223903656,
            "melhoria_sobre_aleatorio": 1.9826087951660156
        },
        "tecla_3": {
            "acuracia_padrao": 0.6,
            "acuracia_ajustada": 0.6,
            "media_opcoes_disponiveis": 3.7142856121063232,
            "baseline_aleatorio": 0.2738095223903656,
            "melhoria_sobre_aleatorio": 2.1913044452667236
        },
        "tecla_4": {
            "acuracia_padrao": 0.7714285714285715,
            "acuracia_ajustada": 0.7714285714285715,
            "media_opcoes_disponiveis": 3.7142856121063232,
            "baseline_aleatorio": 0.2738095223903656,
            "melhoria_sobre_aleatorio": 2.8173913955688477
        },
        "media": {
            "acuracia_padrao": 0.6714285714285714,
            "acuracia_ajustada": 0.6714285714285714,
            "melhoria_sobre_aleatorio": 2.452173948287964
        }
    }
}