{
    "modelo_id": "seq_completas_batch32",
    "max_seq_len": 2000,
    "batch_size": 32,
    "resultados": {
        "tecla_1": {
            "acuracia_padrao": 0.5660377358490566,
            "acuracia_ajustada": 0.5660377358490566,
            "media_opcoes_disponiveis": 3.8867924213409424,
            "baseline_aleatorio": 0.2675202190876007,
            "melhoria_sobre_aleatorio": 2.1158688068389893
        },
        "tecla_2": {
            "acuracia_padrao": 0.5094339622641509,
            "acuracia_ajustada": 0.5094339622641509,
            "media_opcoes_disponiveis": 3.8867924213409424,
            "baseline_aleatorio": 0.2675202190876007,
            "melhoria_sobre_aleatorio": 1.9042822122573853
        },
        "tecla_3": {
            "acuracia_padrao": 0.6792452830188679,
            "acuracia_ajustada": 0.6792452830188679,
            "media_opcoes_disponiveis": 3.8867924213409424,
            "baseline_aleatorio": 0.2675202190876007,
            "melhoria_sobre_aleatorio": 2.5390427112579346
        },
        "tecla_4": {
            "acuracia_padrao": 0.8113207547169812,
            "acuracia_ajustada": 0.8113207547169812,
            "media_opcoes_disponiveis": 3.8867924213409424,
            "baseline_aleatorio": 0.2675202190876007,
            "melhoria_sobre_aleatorio": 3.032745599746704
        },
        "media": {
            "acuracia_padrao": 0.6415094339622641,
            "acuracia_ajustada": 0.6415094339622641,
            "melhoria_sobre_aleatorio": 2.397984743118286
        }
    }
}