{
    "modelo_id": "contexto6_batch16",
    "contexto": 6,
    "batch_size": 16,
    "resultados": {
        "tecla_1": {
            "acuracia_padrao": 0.27085201793721975,
            "acuracia_ajustada": 0.27085201793721975,
            "media_opcoes_disponiveis": 3.652017831802368,
            "baseline_aleatorio": 0.2853662371635437,
            "melhoria_sobre_aleatorio": 0.949138343334198
        },
        "tecla_2": {
            "acuracia_padrao": 0.2304932735426009,
            "acuracia_ajustada": 0.2304932735426009,
            "media_opcoes_disponiveis": 3.652017831802368,
            "baseline_aleatorio": 0.2853662371635437,
            "melhoria_sobre_aleatorio": 0.8077104091644287
        },
        "tecla_3": {
            "acuracia_padrao": 0.25739910313901343,
            "acuracia_ajustada": 0.25739910313901343,
            "media_opcoes_disponiveis": 3.652017831802368,
            "baseline_aleatorio": 0.2853662371635437,
            "melhoria_sobre_aleatorio": 0.9019956588745117
        },
        "tecla_4": {
            "acuracia_padrao": 0.2538116591928251,
            "acuracia_ajustada": 0.2538116591928251,
            "media_opcoes_disponiveis": 3.652017831802368,
            "baseline_aleatorio": 0.2853662371635437,
            "melhoria_sobre_aleatorio": 0.8894242644309998
        },
        "media": {
            "acuracia_padrao": 0.2531390134529148,
            "acuracia_ajustada": 0.2531390134529148,
            "melhoria_sobre_aleatorio": 0.8870671987533569
        }
    }
}