{
    "modelo_id": "contexto9_batch32",
    "contexto": 9,
    "batch_size": 32,
    "resultados": {
        "tecla_1": {
            "acuracia_padrao": 0.2554347826086957,
            "acuracia_ajustada": 0.2554347826086957,
            "media_opcoes_disponiveis": 3.82608699798584,
            "baseline_aleatorio": 0.2715579867362976,
            "melhoria_sobre_aleatorio": 0.9406270384788513
        },
        "tecla_2": {
            "acuracia_padrao": 0.21195652173913043,
            "acuracia_ajustada": 0.21195652173913043,
            "media_opcoes_disponiveis": 3.82608699798584,
            "baseline_aleatorio": 0.2715579867362976,
            "melhoria_sobre_aleatorio": 0.7805202603340149
        },
        "tecla_3": {
            "acuracia_padrao": 0.15760869565217392,
            "acuracia_ajustada": 0.15760869565217392,
            "media_opcoes_disponiveis": 3.82608699798584,
            "baseline_aleatorio": 0.2715579867362976,
            "melhoria_sobre_aleatorio": 0.5803869366645813
        },
        "tecla_4": {
            "acuracia_padrao": 0.16304347826086957,
            "acuracia_ajustada": 0.16304347826086957,
            "media_opcoes_disponiveis": 3.82608699798584,
            "baseline_aleatorio": 0.2715579867362976,
            "melhoria_sobre_aleatorio": 0.6004002690315247
        },
        "media": {
            "acuracia_padrao": 0.1970108695652174,
            "acuracia_ajustada": 0.1970108695652174,
            "melhoria_sobre_aleatorio": 0.7254835963249207
        }
    }
}