{
    "modelo_id": "contexto4_batch32",
    "contexto": 4,
    "batch_size": 32,
    "resultados": {
        "tecla_1": {
            "acuracia_padrao": 0.2351421188630491,
            "acuracia_ajustada": 0.2351421188630491,
            "media_opcoes_disponiveis": 3.9731266498565674,
            "baseline_aleatorio": 0.26258397102355957,
            "melhoria_sobre_aleatorio": 0.8954930305480957
        },
        "tecla_2": {
            "acuracia_padrao": 0.22790697674418606,
            "acuracia_ajustada": 0.22790697674418606,
            "media_opcoes_disponiveis": 3.9731266498565674,
            "baseline_aleatorio": 0.26258397102355957,
            "melhoria_sobre_aleatorio": 0.8679394125938416
        },
        "tecla_3": {
            "acuracia_padrao": 0.22428940568475453,
            "acuracia_ajustada": 0.22428940568475453,
            "media_opcoes_disponiveis": 3.9731266498565674,
            "baseline_aleatorio": 0.26258397102355957,
            "melhoria_sobre_aleatorio": 0.8541625738143921
        },
        "tecla_4": {
            "acuracia_padrao": 0.23152454780361756,
            "acuracia_ajustada": 0.23152454780361756,
            "media_opcoes_disponiveis": 3.9731266498565674,
            "baseline_aleatorio": 0.26258397102355957,
            "melhoria_sobre_aleatorio": 0.8817161917686462
        },
        "media": {
            "acuracia_padrao": 0.2297157622739018,
            "acuracia_ajustada": 0.2297157622739018,
            "melhoria_sobre_aleatorio": 0.8748278617858887
        }
    }
}