{
    "modelo_id": "contexto1_batch32",
    "contexto": 1,
    "batch_size": 32,
    "resultados": {
        "tecla_1": {
            "acuracia_padrao": 0.19596723377441713,
            "acuracia_ajustada": 0.19596723377441713,
            "media_opcoes_disponiveis": 4.531506061553955,
            "baseline_aleatorio": 0.2375558614730835,
            "melhoria_sobre_aleatorio": 0.8249311447143555
        },
        "tecla_2": {
            "acuracia_padrao": 0.1751732829237555,
            "acuracia_ajustada": 0.1751732829237555,
            "media_opcoes_disponiveis": 4.531506061553955,
            "baseline_aleatorio": 0.2375558614730835,
            "melhoria_sobre_aleatorio": 0.7373982667922974
        },
        "tecla_3": {
            "acuracia_padrao": 0.1874606175173283,
            "acuracia_ajustada": 0.1874606175173283,
            "media_opcoes_disponiveis": 4.531506061553955,
            "baseline_aleatorio": 0.2375558614730835,
            "melhoria_sobre_aleatorio": 0.7891222238540649
        },
        "tecla_4": {
            "acuracia_padrao": 0.18620037807183365,
            "acuracia_ajustada": 0.18620037807183365,
            "media_opcoes_disponiveis": 4.531506061553955,
            "baseline_aleatorio": 0.2375558614730835,
            "melhoria_sobre_aleatorio": 0.7838172316551208
        },
        "media": {
            "acuracia_padrao": 0.18620037807183362,
            "acuracia_ajustada": 0.18620037807183362,
            "melhoria_sobre_aleatorio": 0.7838172316551208
        }
    }
}