{
    "modelo_id": "contexto2_batch8",
    "contexto": 2,
    "batch_size": 8,
    "resultados": {
        "tecla_1": {
            "acuracia_padrao": 0.241216950380297,
            "acuracia_ajustada": 0.241216950380297,
            "media_opcoes_disponiveis": 4.119884014129639,
            "baseline_aleatorio": 0.25371846556663513,
            "melhoria_sobre_aleatorio": 0.9507268667221069
        },
        "tecla_2": {
            "acuracia_padrao": 0.22093444404201376,
            "acuracia_ajustada": 0.22093444404201376,
            "media_opcoes_disponiveis": 4.119884014129639,
            "baseline_aleatorio": 0.25371846556663513,
            "melhoria_sobre_aleatorio": 0.8707858324050903
        },
        "tecla_3": {
            "acuracia_padrao": 0.2263672582397682,
            "acuracia_ajustada": 0.2263672582397682,
            "media_opcoes_disponiveis": 4.119884014129639,
            "baseline_aleatorio": 0.25371846556663513,
            "melhoria_sobre_aleatorio": 0.8921986222267151
        },
        "tecla_4": {
            "acuracia_padrao": 0.21948569358927925,
            "acuracia_ajustada": 0.21948569358927925,
            "media_opcoes_disponiveis": 4.119884014129639,
            "baseline_aleatorio": 0.25371846556663513,
            "melhoria_sobre_aleatorio": 0.8650757670402527
        },
        "media": {
            "acuracia_padrao": 0.22700108656283957,
            "acuracia_ajustada": 0.22700108656283957,
            "melhoria_sobre_aleatorio": 0.8946967720985413
        }
    }
}