{
    "modelo_id": "contexto11_batch8",
    "contexto": 11,
    "batch_size": 8,
    "resultados": {
        "tecla_1": {
            "acuracia_padrao": 0.3,
            "acuracia_ajustada": 0.3,
            "media_opcoes_disponiveis": 4.150000095367432,
            "baseline_aleatorio": 0.2524999976158142,
            "melhoria_sobre_aleatorio": 1.188118815422058
        },
        "tecla_2": {
            "acuracia_padrao": 0.2,
            "acuracia_ajustada": 0.2,
            "media_opcoes_disponiveis": 4.150000095367432,
            "baseline_aleatorio": 0.2524999976158142,
            "melhoria_sobre_aleatorio": 0.7920792102813721
        },
        "tecla_3": {
            "acuracia_padrao": 0.3,
            "acuracia_ajustada": 0.3,
            "media_opcoes_disponiveis": 4.150000095367432,
            "baseline_aleatorio": 0.2524999976158142,
            "melhoria_sobre_aleatorio": 1.188118815422058
        },
        "tecla_4": {
            "acuracia_padrao": 0.4,
            "acuracia_ajustada": 0.4,
            "media_opcoes_disponiveis": 4.150000095367432,
            "baseline_aleatorio": 0.2524999976158142,
            "melhoria_sobre_aleatorio": 1.5841584205627441
        },
        "media": {
            "acuracia_padrao": 0.30000000000000004,
            "acuracia_ajustada": 0.30000000000000004,
            "melhoria_sobre_aleatorio": 1.188118815422058
        }
    }
}