{
    "modelo_id": "contexto4_batch16",
    "contexto": 4,
    "batch_size": 16,
    "resultados": {
        "tecla_1": {
            "acuracia_padrao": 0.24186046511627907,
            "acuracia_ajustada": 0.24186046511627907,
            "media_opcoes_disponiveis": 3.9731266498565674,
            "baseline_aleatorio": 0.26258397102355957,
            "melhoria_sobre_aleatorio": 0.9210785627365112
        },
        "tecla_2": {
            "acuracia_padrao": 0.27700258397932814,
            "acuracia_ajustada": 0.27700258397932814,
            "media_opcoes_disponiveis": 3.9731266498565674,
            "baseline_aleatorio": 0.26258397102355957,
            "melhoria_sobre_aleatorio": 1.05491042137146
        },
        "tecla_3": {
            "acuracia_padrao": 0.2470284237726098,
            "acuracia_ajustada": 0.2470284237726098,
            "media_opcoes_disponiveis": 3.9731266498565674,
            "baseline_aleatorio": 0.26258397102355957,
            "melhoria_sobre_aleatorio": 0.9407597184181213
        },
        "tecla_4": {
            "acuracia_padrao": 0.23824289405684754,
            "acuracia_ajustada": 0.23824289405684754,
            "media_opcoes_disponiveis": 3.9731266498565674,
            "baseline_aleatorio": 0.26258397102355957,
            "melhoria_sobre_aleatorio": 0.9073017239570618
        },
        "media": {
            "acuracia_padrao": 0.25103359173126616,
            "acuracia_ajustada": 0.25103359173126616,
            "melhoria_sobre_aleatorio": 0.9560126066207886
        }
    }
}