{
    "modelo_id": "contexto3_batch16",
    "contexto": 3,
    "batch_size": 16,
    "resultados": {
        "tecla_1": {
            "acuracia_padrao": 0.6447368421052632,
            "acuracia_ajustada": 0.6447368421052632,
            "media_opcoes_disponiveis": 3.6973683834075928,
            "baseline_aleatorio": 0.27675438596491225,
            "melhoria_sobre_aleatorio": 2.3296354992076074
        },
        "tecla_2": {
            "acuracia_padrao": 0.40131578947368424,
            "acuracia_ajustada": 0.40131578947368424,
            "media_opcoes_disponiveis": 3.6973683834075928,
            "baseline_aleatorio": 0.27675438596491225,
            "melhoria_sobre_aleatorio": 1.4500792393026944
        },
        "tecla_3": {
            "acuracia_padrao": 0.756578947368421,
            "acuracia_ajustada": 0.756578947368421,
            "media_opcoes_disponiveis": 3.6973683834075928,
            "baseline_aleatorio": 0.27675438596491225,
            "melhoria_sobre_aleatorio": 2.733755942947702
        },
        "tecla_4": {
            "acuracia_padrao": 0.7894736842105263,
            "acuracia_ajustada": 0.7894736842105263,
            "media_opcoes_disponiveis": 3.6973683834075928,
            "baseline_aleatorio": 0.27675438596491225,
            "melhoria_sobre_aleatorio": 2.8526148969889067
        },
        "media": {
            "acuracia_padrao": 0.6480263157894737,
            "acuracia_ajustada": 0.6480263157894737,
            "melhoria_sobre_aleatorio": 2.341521394611728
        }
    }
}