{
    "modelo_id": "contexto3_batch8",
    "contexto": 3,
    "batch_size": 8,
    "resultados": {
        "tecla_1": {
            "acuracia_padrao": 0.23126064735945487,
            "acuracia_ajustada": 0.23126064735945487,
            "media_opcoes_disponiveis": 4.0255537033081055,
            "baseline_aleatorio": 0.2597316801548004,
            "melhoria_sobre_aleatorio": 0.8903828859329224
        },
        "tecla_2": {
            "acuracia_padrao": 0.19931856899488926,
            "acuracia_ajustada": 0.19931856899488926,
            "media_opcoes_disponiveis": 4.0255537033081055,
            "baseline_aleatorio": 0.2597316801548004,
            "melhoria_sobre_aleatorio": 0.7674018740653992
        },
        "tecla_3": {
            "acuracia_padrao": 0.23339011925042588,
            "acuracia_ajustada": 0.23339011925042588,
            "media_opcoes_disponiveis": 4.0255537033081055,
            "baseline_aleatorio": 0.2597316801548004,
            "melhoria_sobre_aleatorio": 0.8985816240310669
        },
        "tecla_4": {
            "acuracia_padrao": 0.239778534923339,
            "acuracia_ajustada": 0.239778534923339,
            "media_opcoes_disponiveis": 4.0255537033081055,
            "baseline_aleatorio": 0.2597316801548004,
            "melhoria_sobre_aleatorio": 0.9231778383255005
        },
        "media": {
            "acuracia_padrao": 0.22593696763202725,
            "acuracia_ajustada": 0.22593696763202725,
            "melhoria_sobre_aleatorio": 0.869886040687561
        }
    }
}