{
    "modelo_id": "contexto8_batch16",
    "contexto": 8,
    "batch_size": 16,
    "resultados": {
        "tecla_1": {
            "acuracia_padrao": 0.24449877750611246,
            "acuracia_ajustada": 0.24449877750611246,
            "media_opcoes_disponiveis": 3.850855827331543,
            "baseline_aleatorio": 0.268459677696228,
            "melhoria_sobre_aleatorio": 0.9107467532157898
        },
        "tecla_2": {
            "acuracia_padrao": 0.21026894865525672,
            "acuracia_ajustada": 0.21026894865525672,
            "media_opcoes_disponiveis": 3.850855827331543,
            "baseline_aleatorio": 0.268459677696228,
            "melhoria_sobre_aleatorio": 0.7832421660423279
        },
        "tecla_3": {
            "acuracia_padrao": 0.23471882640586797,
            "acuracia_ajustada": 0.23471882640586797,
            "media_opcoes_disponiveis": 3.850855827331543,
            "baseline_aleatorio": 0.268459677696228,
            "melhoria_sobre_aleatorio": 0.8743168711662292
        },
        "tecla_4": {
            "acuracia_padrao": 0.2469437652811736,
            "acuracia_ajustada": 0.2469437652811736,
            "media_opcoes_disponiveis": 3.850855827331543,
            "baseline_aleatorio": 0.268459677696228,
            "melhoria_sobre_aleatorio": 0.9198542237281799
        },
        "media": {
            "acuracia_padrao": 0.23410757946210267,
            "acuracia_ajustada": 0.23410757946210267,
            "melhoria_sobre_aleatorio": 0.8720399737358093
        }
    }
}