{
    "modelo_id": "contexto1_batch8",
    "contexto": 1,
    "batch_size": 8,
    "resultados": {
        "tecla_1": {
            "acuracia_padrao": 0.19659735349716445,
            "acuracia_ajustada": 0.19659735349716445,
            "media_opcoes_disponiveis": 4.531506061553955,
            "baseline_aleatorio": 0.2375558614730835,
            "melhoria_sobre_aleatorio": 0.8275836706161499
        },
        "tecla_2": {
            "acuracia_padrao": 0.19407687460617518,
            "acuracia_ajustada": 0.19407687460617518,
            "media_opcoes_disponiveis": 4.531506061553955,
            "baseline_aleatorio": 0.2375558614730835,
            "melhoria_sobre_aleatorio": 0.8169736862182617
        },
        "tecla_3": {
            "acuracia_padrao": 0.19911783238815375,
            "acuracia_ajustada": 0.19911783238815375,
            "media_opcoes_disponiveis": 4.531506061553955,
            "baseline_aleatorio": 0.2375558614730835,
            "melhoria_sobre_aleatorio": 0.8381937742233276
        },
        "tecla_4": {
            "acuracia_padrao": 0.19880277252678008,
            "acuracia_ajustada": 0.19880277252678008,
            "media_opcoes_disponiveis": 4.531506061553955,
            "baseline_aleatorio": 0.2375558614730835,
            "melhoria_sobre_aleatorio": 0.8368674516677856
        },
        "media": {
            "acuracia_padrao": 0.19714870825456837,
            "acuracia_ajustada": 0.19714870825456837,
            "melhoria_sobre_aleatorio": 0.8299046754837036
        }
    }
}