{
    "modelo_id": "contexto2_batch16",
    "contexto": 2,
    "batch_size": 16,
    "resultados": {
        "tecla_1": {
            "acuracia_padrao": 0.718562874251497,
            "acuracia_ajustada": 0.718562874251497,
            "media_opcoes_disponiveis": 3.7485029697418213,
            "baseline_aleatorio": 0.2719560878243513,
            "melhoria_sobre_aleatorio": 2.642201834862385
        },
        "tecla_2": {
            "acuracia_padrao": 0.5868263473053892,
            "acuracia_ajustada": 0.5868263473053892,
            "media_opcoes_disponiveis": 3.7485029697418213,
            "baseline_aleatorio": 0.2719560878243513,
            "melhoria_sobre_aleatorio": 2.1577981651376144
        },
        "tecla_3": {
            "acuracia_padrao": 0.7005988023952096,
            "acuracia_ajustada": 0.7005988023952096,
            "media_opcoes_disponiveis": 3.7485029697418213,
            "baseline_aleatorio": 0.2719560878243513,
            "melhoria_sobre_aleatorio": 2.576146788990825
        },
        "tecla_4": {
            "acuracia_padrao": 0.8682634730538922,
            "acuracia_ajustada": 0.8682634730538922,
            "media_opcoes_disponiveis": 3.7485029697418213,
            "baseline_aleatorio": 0.2719560878243513,
            "melhoria_sobre_aleatorio": 3.192660550458715
        },
        "media": {
            "acuracia_padrao": 0.718562874251497,
            "acuracia_ajustada": 0.718562874251497,
            "melhoria_sobre_aleatorio": 2.6422018348623846
        }
    }
}