{
    "modelo_id": "contexto7_batch32",
    "contexto": 7,
    "batch_size": 32,
    "resultados": {
        "tecla_1": {
            "acuracia_padrao": 0.20885200553250347,
            "acuracia_ajustada": 0.20885200553250347,
            "media_opcoes_disponiveis": 3.745504856109619,
            "baseline_aleatorio": 0.27627938985824585,
            "melhoria_sobre_aleatorio": 0.7559449672698975
        },
        "tecla_2": {
            "acuracia_padrao": 0.22268326417704012,
            "acuracia_ajustada": 0.22268326417704012,
            "media_opcoes_disponiveis": 3.745504856109619,
            "baseline_aleatorio": 0.27627938985824585,
            "melhoria_sobre_aleatorio": 0.8060075044631958
        },
        "tecla_3": {
            "acuracia_padrao": 0.2143845089903181,
            "acuracia_ajustada": 0.2143845089903181,
            "media_opcoes_disponiveis": 3.745504856109619,
            "baseline_aleatorio": 0.27627938985824585,
            "melhoria_sobre_aleatorio": 0.7759699821472168
        },
        "tecla_4": {
            "acuracia_padrao": 0.23374827109266944,
            "acuracia_ajustada": 0.23374827109266944,
            "media_opcoes_disponiveis": 3.745504856109619,
            "baseline_aleatorio": 0.27627938985824585,
            "melhoria_sobre_aleatorio": 0.8460575938224792
        },
        "media": {
            "acuracia_padrao": 0.21991701244813278,
            "acuracia_ajustada": 0.21991701244813278,
            "melhoria_sobre_aleatorio": 0.7959950566291809
        }
    }
}