{
    "modelo_id": "contexto3_batch32",
    "contexto": 3,
    "batch_size": 32,
    "resultados": {
        "tecla_1": {
            "acuracia_padrao": 0.22444633730834754,
            "acuracia_ajustada": 0.22444633730834754,
            "media_opcoes_disponiveis": 4.0255537033081055,
            "baseline_aleatorio": 0.2597316801548004,
            "melhoria_sobre_aleatorio": 0.8641469478607178
        },
        "tecla_2": {
            "acuracia_padrao": 0.22870528109028962,
            "acuracia_ajustada": 0.22870528109028962,
            "media_opcoes_disponiveis": 4.0255537033081055,
            "baseline_aleatorio": 0.2597316801548004,
            "melhoria_sobre_aleatorio": 0.8805444240570068
        },
        "tecla_3": {
            "acuracia_padrao": 0.23040885860306645,
            "acuracia_ajustada": 0.23040885860306645,
            "media_opcoes_disponiveis": 4.0255537033081055,
            "baseline_aleatorio": 0.2597316801548004,
            "melhoria_sobre_aleatorio": 0.8871034383773804
        },
        "tecla_4": {
            "acuracia_padrao": 0.2282793867120954,
            "acuracia_ajustada": 0.2282793867120954,
            "media_opcoes_disponiveis": 4.0255537033081055,
            "baseline_aleatorio": 0.2597316801548004,
            "melhoria_sobre_aleatorio": 0.8789046406745911
        },
        "media": {
            "acuracia_padrao": 0.22795996592844975,
            "acuracia_ajustada": 0.22795996592844975,
            "melhoria_sobre_aleatorio": 0.8776748776435852
        }
    }
}