{
    "modelo_id": "contexto9_batch16",
    "contexto": 9,
    "batch_size": 16,
    "resultados": {
        "tecla_1": {
            "acuracia_padrao": 0.23369565217391305,
            "acuracia_ajustada": 0.23369565217391305,
            "media_opcoes_disponiveis": 3.82608699798584,
            "baseline_aleatorio": 0.2715579867362976,
            "melhoria_sobre_aleatorio": 0.8605737090110779
        },
        "tecla_2": {
            "acuracia_padrao": 0.20652173913043478,
            "acuracia_ajustada": 0.20652173913043478,
            "media_opcoes_disponiveis": 3.82608699798584,
            "baseline_aleatorio": 0.2715579867362976,
            "melhoria_sobre_aleatorio": 0.7605069279670715
        },
        "tecla_3": {
            "acuracia_padrao": 0.1956521739130435,
            "acuracia_ajustada": 0.1956521739130435,
            "media_opcoes_disponiveis": 3.82608699798584,
            "baseline_aleatorio": 0.2715579867362976,
            "melhoria_sobre_aleatorio": 0.7204802632331848
        },
        "tecla_4": {
            "acuracia_padrao": 0.25,
            "acuracia_ajustada": 0.25,
            "media_opcoes_disponiveis": 3.82608699798584,
            "baseline_aleatorio": 0.2715579867362976,
            "melhoria_sobre_aleatorio": 0.920613706111908
        },
        "media": {
            "acuracia_padrao": 0.22146739130434784,
            "acuracia_ajustada": 0.22146739130434784,
            "melhoria_sobre_aleatorio": 0.8155436515808105
        }
    }
}