{
    "modelo_id": "contexto3_batch16",
    "contexto": 3,
    "batch_size": 16,
    "resultados": {
        "tecla_1": {
            "acuracia_padrao": 0.24190800681431004,
            "acuracia_ajustada": 0.24190800681431004,
            "media_opcoes_disponiveis": 4.0255537033081055,
            "baseline_aleatorio": 0.2597316801548004,
            "melhoria_sobre_aleatorio": 0.9313766360282898
        },
        "tecla_2": {
            "acuracia_padrao": 0.21124361158432708,
            "acuracia_ajustada": 0.21124361158432708,
            "media_opcoes_disponiveis": 4.0255537033081055,
            "baseline_aleatorio": 0.2597316801548004,
            "melhoria_sobre_aleatorio": 0.8133147954940796
        },
        "tecla_3": {
            "acuracia_padrao": 0.22529812606473595,
            "acuracia_ajustada": 0.22529812606473595,
            "media_opcoes_disponiveis": 4.0255537033081055,
            "baseline_aleatorio": 0.2597316801548004,
            "melhoria_sobre_aleatorio": 0.8674263954162598
        },
        "tecla_4": {
            "acuracia_padrao": 0.22529812606473595,
            "acuracia_ajustada": 0.22529812606473595,
            "media_opcoes_disponiveis": 4.0255537033081055,
            "baseline_aleatorio": 0.2597316801548004,
            "melhoria_sobre_aleatorio": 0.8674263954162598
        },
        "media": {
            "acuracia_padrao": 0.22593696763202728,
            "acuracia_ajustada": 0.22593696763202728,
            "melhoria_sobre_aleatorio": 0.869886040687561
        }
    }
}