{
    "modelo_id": "contexto5_batch8",
    "contexto": 5,
    "batch_size": 8,
    "resultados": {
        "tecla_1": {
            "acuracia_padrao": 0.20157583716349312,
            "acuracia_ajustada": 0.20157583716349312,
            "media_opcoes_disponiveis": 3.784635543823242,
            "baseline_aleatorio": 0.27547603845596313,
            "melhoria_sobre_aleatorio": 0.7317363619804382
        },
        "tecla_2": {
            "acuracia_padrao": 0.19763624425476034,
            "acuracia_ajustada": 0.19763624425476034,
            "media_opcoes_disponiveis": 3.784635543823242,
            "baseline_aleatorio": 0.27547603845596313,
            "melhoria_sobre_aleatorio": 0.717435359954834
        },
        "tecla_3": {
            "acuracia_padrao": 0.23900196979645436,
            "acuracia_ajustada": 0.23900196979645436,
            "media_opcoes_disponiveis": 3.784635543823242,
            "baseline_aleatorio": 0.27547603845596313,
            "melhoria_sobre_aleatorio": 0.8675962090492249
        },
        "tecla_4": {
            "acuracia_padrao": 0.20288903479973736,
            "acuracia_ajustada": 0.20288903479973736,
            "media_opcoes_disponiveis": 3.784635543823242,
            "baseline_aleatorio": 0.27547603845596313,
            "melhoria_sobre_aleatorio": 0.7365034222602844
        },
        "media": {
            "acuracia_padrao": 0.21027577150361132,
            "acuracia_ajustada": 0.21027577150361132,
            "melhoria_sobre_aleatorio": 0.7633178234100342
        }
    }
}